CREATE TABLE SANPHAM_TIETKIEM
(
MASP		NVARCHAR(50),
TENSP		NVARCHAR(MAX),
LOAISP		NVARCHAR(500),
TRANGTHAI	NVARCHAR(200),
NGAYMO		DATE,
NGAYDONG	DATE
)

INSERT INTO SANPHAM_TIETKIEM VALUES ('THANTAI2023.TT',N'Sản phẩm tiết kiệm thần tài trả trước',N'Tết nguyên đán 2023','Closed','2022-12-01','2023-02-28');
INSERT INTO SANPHAM_TIETKIEM VALUES ('THANTAI2023.TS',N'Sản phẩm tiết kiệm thần tài trả sau',N'Tết nguyên đán 2023','Closed','2022-12-01','2023-02-28');
INSERT INTO SANPHAM_TIETKIEM VALUES ('TIETKIEMDUTHUONG',N'Tiết kiệm dự thưởng',N'','Open','2023-01-01',NULL);
INSERT INTO SANPHAM_TIETKIEM VALUES ('TK-THUONG.TT',N'Tiết kiệm thường trả trước',N'','Open','2019-10-12',NULL);
INSERT INTO SANPHAM_TIETKIEM VALUES ('TK-THUONG.TS',N'Tiết kiệm thường trả sau',N'','Open','2019-10-12',NULL);
INSERT INTO SANPHAM_TIETKIEM VALUES ('TK-TICHLUY',N'Tiết kiệm tích lũy',N'','Open','2018-04-22',NULL);
INSERT INTO SANPHAM_TIETKIEM VALUES ('TK-ONLINE.TT',N'Tiết kiệm online trả trước',N'','Open','2021-12-28',NULL);
INSERT INTO SANPHAM_TIETKIEM VALUES ('TK-ONLINE.TS',N'Tiết kiệm online trả sau',N'','Open','2021-10-07',NULL);
INSERT INTO SANPHAM_TIETKIEM VALUES ('TK-ONGVANG',N'Tiết kiệm ong vàng',N'','Open','2021-09-22',NULL);
INSERT INTO SANPHAM_TIETKIEM VALUES ('TK-MANGNON',N'Tiết kiệm măng non',N'','Open','2021-10-22',NULL);
INSERT INTO SANPHAM_TIETKIEM VALUES ('TK-UUTIEN',N'Tiết kiệm khách hàng ưu tiên',N'','Open','2014-03-15',NULL);
INSERT INTO SANPHAM_TIETKIEM VALUES ('TK-RUTGOCTUNGPHAN',N'Tiết kiệm rút gốc từng phần',N'','Open','2021-03-22',NULL);
INSERT INTO SANPHAM_TIETKIEM VALUES ('THANTAI2024.TT',N'Sản phẩm tiết kiệm thần tài trả trước',N'Tết nguyên đán 2024','Closed','2023-12-01','2024-03-31');
INSERT INTO SANPHAM_TIETKIEM VALUES ('THANTAI2024.TS',N'Sản phẩm tiết kiệm thần tài trả sau',N'Tết nguyên đán 2024','Closed','2023-12-01','2024-03-31');

-----------------------------------------
CREATE TABLE SANPHAM_TIENGUI_COKYHAN
(
MASP		NVARCHAR(50),
TENSP		NVARCHAR(MAX),
LOAISP		NVARCHAR(500),
TRANGTHAI	NVARCHAR(200),
NGAYMO		DATE,
NGAYDONG	DATE
)

INSERT INTO SANPHAM_TIENGUI_COKYHAN VALUES ('CKH.THUONG',N'Tiền gửi có kỳ hạn khách hàng thường',N'','Open','2021-10-22',NULL);
INSERT INTO SANPHAM_TIENGUI_COKYHAN VALUES ('CKH.UUTIEN',N'Tiền gửi có kỳ hạn khách hàng ưu tiên',N'','Open','2014-03-15',NULL);
INSERT INTO SANPHAM_TIENGUI_COKYHAN VALUES ('CKH.RUTGOCTUNGPHAN',N'Sản phẩm tiền gửi có kỳ hạn rút gốc từng phần',N'','Open','2021-03-22','2024-03-31');
INSERT INTO SANPHAM_TIENGUI_COKYHAN VALUES ('COKYHAN.TT',N'Sản phẩm tiền gửi có kỳ hạn trả trước',N'','Open','2023-12-01',NULL);
INSERT INTO SANPHAM_TIENGUI_COKYHAN VALUES ('COKYHAN.TS',N'Sản phẩm tiền gửi có kỳ hạn trả sau',N'','Open','2023-12-01',NULL);




------------------------------------------
CREATE TABLE [dbo].[TIENGUI_TIETKIEM](
	[ID] [int] IDENTITY(1,1) NOT NULL,
	[MA_KHACHHANG] [nvarchar](20) NULL,
	[MA_TAIKHOAN_TIETKIEM] [nvarchar](20) NULL,
	MASP		NVARCHAR(50),
	[NGAY_GUI] [date] NULL,
	[NGAY_DENHAN] [date] NULL,
	[KY_HAN] [int] NULL,
	[LAISUAT] [numeric](7, 2) NULL,
	[SOTIEN] [numeric](18, 2) NULL,
	[LOAITIEN] [nvarchar](5) NULL,
	[SOTIEN_LAI] [numeric](18, 2) NULL,
	[SOTIEN_THUCNHAN] [numeric](18, 2) NULL,
	[TUGIAHAN] [int] NULL,
	[NGAY_RUT] [date] NULL,
	[TRANG_THAI] [int] NULL
) ON [PRIMARY]

GO

CREATE TABLE [dbo].[TIENGUI_COKYHAN](
	[ID] [int] IDENTITY(1,1) NOT NULL,
	[MA_KHACHHANG] [nvarchar](20) NULL,
	[MA_TAIKHOAN_TGCKH] [nvarchar](20) NULL,
	MASP		NVARCHAR(50),
	[NGAY_GUI] [date] NULL,
	[NGAY_DENHAN] [date] NULL,
	[KY_HAN] [int] NULL,
	[LAISUAT] [numeric](7, 2) NULL,
	[SOTIEN] [numeric](18, 2) NULL,
	[LOAITIEN] [nvarchar](5) NULL,
	[SOTIEN_LAI] [numeric](18, 2) NULL,
	[SOTIEN_THUCNHAN] [numeric](18, 2) NULL,
	[TUGIAHAN] [int] NULL,
	[NGAY_RUT] [date] NULL,
	[TRANG_THAI] [int] NULL
) ON [PRIMARY]

------------ TIỀN GỬI THANH TOÁN -----------------------
INSERT INTO TIENGUI_COKYHAN VALUES ('CIF0006612','CSAV0066121','CKH.RUTGOCTUNGPHAN','2023-08-01','2024-02-01','6','4.25','10000000000','VND','0','0','0','2024-02-01','1');--1
INSERT INTO TIENGUI_COKYHAN VALUES ('CIF0018479','CSAV0184791','CKH.THUONG','2023-08-15','2024-02-15','6','4.3','15000000000','VND','0','0','0','2024-02-15','1');--2
INSERT INTO TIENGUI_COKYHAN VALUES ('CIF0017047','CSAV0170471','CKH.THUONG','2023-09-03','2024-03-03','6','4.31','16000000000','VND','0','0','0','2024-03-03','1');--3
INSERT INTO TIENGUI_COKYHAN VALUES ('CIF0016926','CSAV0169261','CKH.RUTGOCTUNGPHAN','2023-09-12','2024-02-12','5','4.13','1800000000','VND','0','0','0','2024-02-12','1');--4
INSERT INTO TIENGUI_COKYHAN VALUES ('CIF0006072','CSAV0060721','CKH.UUTIEN','2023-09-23','2024-06-23','9','4.8','70000000000','VND','0','0','0','2024-06-23','1');--5
INSERT INTO TIENGUI_COKYHAN VALUES ('CIF0001951','CSAV0019511','CKH.THUONG','2023-10-04','2024-01-04','3','3.15','7200000000','VND','0','0','0','2024-01-04','1');--6
INSERT INTO TIENGUI_COKYHAN VALUES ('CIF0006612','CSAV0066122','CKH.RUTGOCTUNGPHAN','2023-10-10','2024-01-10','3','3.12','2000000000','VND','0','0','0','2024-01-10','1');--7
INSERT INTO TIENGUI_COKYHAN VALUES ('CIF0002266','CSAV0022661','CKH.THUONG','2023-12-02','2024-03-02','3','3.1','9000000000','VND','0','0','0','2024-03-02','1');--8
INSERT INTO TIENGUI_COKYHAN VALUES ('CIF0006599','CSAV0065991','CKH.RUTGOCTUNGPHAN','2023-12-09','2024-03-09','3','3.11','23500000000','VND','0','0','0','2024-03-09','1');--9
INSERT INTO TIENGUI_COKYHAN VALUES ('CIF0006722','CSAV0067221','CKH.THUONG','2023-12-10','2024-03-10','3','3.12','30000000000','VND','0','0','0','2024-03-10','1');--10
INSERT INTO TIENGUI_COKYHAN VALUES ('CIF0002837','CSAV0028371','CKH.UUTIEN','2024-01-04','2024-04-04','3','3.13','400000000000','VND','0','0','0','2024-04-04','1');--11
INSERT INTO TIENGUI_COKYHAN VALUES ('CIF0015600','CSAV0156001','CKH.RUTGOCTUNGPHAN','2024-01-10','2024-03-10','2','2.19','10000000000','VND','0','0','0','2024-03-10','1');--12
INSERT INTO TIENGUI_COKYHAN VALUES ('CIF0006780','CSAV0067801','CKH.RUTGOCTUNGPHAN','2024-01-10','2024-04-10','3','3.2','24000000000','VND','0','0','0','2024-04-10','1');--13
INSERT INTO TIENGUI_COKYHAN VALUES ('CIF0003011','CSAV0030111','CKH.THUONG','2024-01-14','2024-03-14','2','2.18','10000000000','VND','0','0','0','2024-03-14','1');--14
INSERT INTO TIENGUI_COKYHAN VALUES ('CIF0002997','CSAV0029971','CKH.THUONG','2024-01-15','2024-07-15','6','4.27','5000000000','VND','0','0','0','2024-07-15','1');--15
INSERT INTO TIENGUI_COKYHAN VALUES ('CIF0003020','CSAV0030201','COKYHAN.TS','2024-01-16','2024-02-16','1','2.13','10000000000','VND','0','0','0','2024-02-16','1');--16
INSERT INTO TIENGUI_COKYHAN VALUES ('CIF0020178','CSAV0201781','CKH.THUONG','2024-01-16','2024-04-16','3','3.18','22000000000','VND','0','0','0','2024-04-16','1');--17
INSERT INTO TIENGUI_COKYHAN VALUES ('CIF0006639','CSAV0066391','CKH.UUTIEN','2024-01-19','2024-04-19','3','3.18','75000000000','VND','0','0','0','2024-04-19','1');--18
INSERT INTO TIENGUI_COKYHAN VALUES ('CIF0002949','CSAV0029491','CKH.THUONG','2024-01-20','2024-04-20','3','3.18','5000000000','VND','0','0','0','2024-04-20','1');--19
INSERT INTO TIENGUI_COKYHAN VALUES ('CIF0006606','CSAV0066061','CKH.THUONG','2024-01-21','2024-02-21','1','2.13','46000000000','VND','0','0','0','2024-02-21','1');--20
INSERT INTO TIENGUI_COKYHAN VALUES ('CIF0016819','CSAV0168191','CKH.THUONG','2024-02-01','2024-07-01','5','4.12','5000000000','VND','0','0','0','2024-07-01','1');--21
INSERT INTO TIENGUI_COKYHAN VALUES ('CIF0018480','CSAV0184801','CKH.THUONG','2024-02-01','2024-08-01','6','4.28','10000000000','VND','0','0','0','2024-08-01','1');--22
INSERT INTO TIENGUI_COKYHAN VALUES ('CIF0006128','CSAV0061281','CKH.THUONG','2024-02-11','2024-03-11','1','2.13','2500000000','VND','0','0','0','2024-03-11','1');--23
INSERT INTO TIENGUI_COKYHAN VALUES ('CIF0002560','CSAV0025601','CKH.THUONG','2024-02-20','2024-05-20','3','3.18','12000000000','VND','0','0','0','2024-05-20','1');--25
INSERT INTO TIENGUI_COKYHAN VALUES ('CIF0001296','CSAV0012961','CKH.THUONG','2024-02-22','2024-04-22','2','2.18','7000000000','VND','0','0','0','2024-04-22','1');--26
INSERT INTO TIENGUI_COKYHAN VALUES ('CIF0006128','CSAV0061282','CKH.THUONG','2024-02-22','2024-05-22','3','0','2500000','USD','0','0','0','2024-05-22','1');--24
INSERT INTO TIENGUI_COKYHAN VALUES ('CIF0017757','CSAV0177571','CKH.UUTIEN','2024-02-24','2024-03-24','1','2.13','65000000000','VND','0','0','0','2024-03-24','1');--27
INSERT INTO TIENGUI_COKYHAN VALUES ('CIF0016307','CSAV0163071','CKH.THUONG','2024-02-25','2024-05-25','3','3.18','2400000000','VND','0','0','0','2024-05-25','1');--28
INSERT INTO TIENGUI_COKYHAN VALUES ('CIF0016290','CSAV0162901','CKH.THUONG','2024-02-25','2024-08-25','6','4.31','15000000000','VND','0','0','0','2024-08-25','1');--29
INSERT INTO TIENGUI_COKYHAN VALUES ('CIF0016433','CSAV0164331','CKH.THUONG','2024-02-28','2024-05-28','3','3.18','7450000000','VND','0','0','0','2024-05-28','1');--30
INSERT INTO TIENGUI_COKYHAN VALUES ('CIF0002238','CSAV0022381','CKH.UUTIEN','2024-03-01','2024-06-01','3','3.17','50000000000','VND','0','0','0','2024-06-01','1');--31
INSERT INTO TIENGUI_COKYHAN VALUES ('CIF0015565','CSAV0155651','CKH.THUONG','2024-03-01','2024-06-01','3','3.18','4550000000','VND','0','0','0','2024-06-01','1');--32
INSERT INTO TIENGUI_COKYHAN VALUES ('CIF0007114','CSAV0071141','CKH.THUONG','2024-03-01','2024-06-01','3','3.18','24000000000','VND','0','0','0','2024-06-01','1');--33
INSERT INTO TIENGUI_COKYHAN VALUES ('CIF0001951','CSAV0019512','CKH.THUONG','2024-03-03','2024-06-03','3','3.18','3000000000','VND','0','0','0','2024-06-03','1');--34
INSERT INTO TIENGUI_COKYHAN VALUES ('CIF0003012','CSAV0030121','CKH.THUONG','2024-03-07','2024-05-07','2','2.18','8850000000','VND','0','0','0','2024-05-07','1');--35
INSERT INTO TIENGUI_COKYHAN VALUES ('CIF0002968','CSAV0029681','CKH.THUONG','2024-03-08','2024-05-08','2','2.18','12050000000','VND','0','0','0','2024-05-08','1');--37
INSERT INTO TIENGUI_COKYHAN VALUES ('CIF0002587','CSAV0025871','CKH.THUONG','2024-03-08','2024-06-08','3','3.18','3500000000','VND','0','0','0','2024-06-08','1');--36
INSERT INTO TIENGUI_COKYHAN VALUES ('CIF0006471','CSAV0064711','CKH.THUONG','2024-03-09','2024-06-09','3','3.15','40000000000','VND','0','0','0','2024-06-09','1');--38
INSERT INTO TIENGUI_COKYHAN VALUES ('CIF0007061','CSAV0070611','CKH.THUONG','2024-03-10','2024-09-10','6','4.23','10000000000','VND','0','0','0','2024-09-10','1');--39
INSERT INTO TIENGUI_COKYHAN VALUES ('CIF0002955','CSAV0029551','CKH.UUTIEN','2024-03-15','2024-04-15','1','2.13','70000000000','VND','0','0','0','2024-04-15','1');--40
INSERT INTO TIENGUI_COKYHAN VALUES ('CIF0003033','CSAV0030331','CKH.THUONG','2024-03-25','2024-06-25','3','3.16','15000000000','VND','0','0','0','2024-06-25','1');--41
INSERT INTO TIENGUI_COKYHAN VALUES ('CIF0020181','CSAV0201811','COKYHAN.TS','2024-03-25','2024-06-25','3','3.18','2150000000','VND','0','0','0','2024-06-25','1');--42
INSERT INTO TIENGUI_COKYHAN VALUES ('CIF0002248','CSAV0022481','CKH.THUONG','2024-04-01','2024-10-01','6','4.32','3400000000','VND','0','0','0','2024-10-01','1');--43
INSERT INTO TIENGUI_COKYHAN VALUES ('CIF0002248','CSAV0022482','CKH.THUONG','2024-04-01','2024-10-01','6','0','10000000','USD','0','0','0','2024-10-01','1');--44
INSERT INTO TIENGUI_COKYHAN VALUES ('CIF0006072','CSAV0060722','CKH.THUONG','2024-04-03','2024-10-03','6','4.32','6000000000','VND','0','0','0','2024-10-03','1');--45
INSERT INTO TIENGUI_COKYHAN VALUES ('CIF0017637','CSAV0176371','CKH.THUONG','2024-04-04','2024-07-04','3','3.18','4500000000','VND','0','0','0','2024-07-04','1');--46
INSERT INTO TIENGUI_COKYHAN VALUES ('CIF0003018','CSAV0030181','CKH.THUONG','2024-04-09','2024-07-09','3','3.18','2400000000','VND','0','0','0','2024-07-09','1');--48
INSERT INTO TIENGUI_COKYHAN VALUES ('CIF0006677','CSAV0066771','CKH.THUONG','2024-04-09','2024-10-09','6','4.32','6430000000','VND','0','0','0','2024-10-09','1');--47
INSERT INTO TIENGUI_COKYHAN VALUES ('CIF0015679','CSAV0156791','CKH.THUONG','2024-04-10','2024-10-10','6','4.32','10000000000','VND','0','0','0','2024-10-10','1');--49
INSERT INTO TIENGUI_COKYHAN VALUES ('CIF0018493','CSAV0184931','CKH.THUONG','2024-04-12','2024-05-12','1','2.13','35000000000','VND','0','0','0','2024-05-12','1');--50
INSERT INTO TIENGUI_COKYHAN VALUES ('CIF0016492','CSAV0164921','CKH.THUONG','2024-04-14','2024-07-14','3','3.19','650000000','VND','0','0','0','2024-07-14','1');--51
INSERT INTO TIENGUI_COKYHAN VALUES ('CIF0006013','CSAV0060131','CKH.THUONG','2024-04-15','2024-07-15','3','3.18','2000000000','VND','0','0','0','2024-07-15','1');--53
INSERT INTO TIENGUI_COKYHAN VALUES ('CIF0006607','CSAV0066071','COKYHAN.TS','2024-04-15','2024-07-15','3','3.18','2000000000','VND','0','0','0','2024-07-15','1');--56
INSERT INTO TIENGUI_COKYHAN VALUES ('CIF0006538','CSAV0065381','CKH.THUONG','2024-04-15','2024-09-15','5','4.14','11250000000','VND','0','0','0','2024-09-15','1');--54
INSERT INTO TIENGUI_COKYHAN VALUES ('CIF0002240','CSAV0022401','CKH.THUONG','2024-04-15','2024-10-15','6','4.32','10000000000','VND','0','0','0','2024-10-15','1');--52
INSERT INTO TIENGUI_COKYHAN VALUES ('CIF0020246','CSAV0202461','CKH.THUONG','2024-04-15','2024-10-15','6','4.27','4500000000','VND','0','0','0','2024-10-15','1');--55
INSERT INTO TIENGUI_COKYHAN VALUES ('CIF0018479','CSAV0184792','CKH.THUONG','2024-04-20','2024-07-20','3','3.18','10000000000','VND','0','0','0','2024-07-20','1');--57
INSERT INTO TIENGUI_COKYHAN VALUES ('CIF0017175','CSAV0171751','CKH.THUONG','2024-04-23','2024-05-23','1','2.13','8250000000','VND','0','0','0','2024-05-23','1');--59
INSERT INTO TIENGUI_COKYHAN VALUES ('CIF0002240','CSAV0022402','CKH.THUONG','2024-04-23','2024-07-23','3','3.18','3200000000','VND','0','0','0','2024-07-23','1');--58
INSERT INTO TIENGUI_COKYHAN VALUES ('CIF0006722','CSAV0067222','CKH.THUONG','2024-04-30','2024-07-30','3','3.14','15000000000','VND','0','0','0','2024-07-30','1');--60
INSERT INTO TIENGUI_COKYHAN VALUES ('CIF0006870','CSAV0068701','CKH.THUONG','2024-05-03','2024-08-03','3','3.18','10000000000','VND','0','0','0','2024-08-03','1');--61
INSERT INTO TIENGUI_COKYHAN VALUES ('CIF0017047','CSAV0170472','CKH.THUONG','2024-05-04','2024-11-04','6','4.27','4000000000','VND','0','0','0','2024-11-04','1');--62
INSERT INTO TIENGUI_COKYHAN VALUES ('CIF0017047','CSAV0170473','COKYHAN.TT','2024-05-04','2024-11-04','6','0','70000000','EUR','0','0','0','2024-11-04','1');--63
INSERT INTO TIENGUI_COKYHAN VALUES ('CIF0006616','CSAV0066161','CKH.THUONG','2024-05-07','2024-08-07','3','3.18','2500000000','VND','0','0','0','2024-08-07','1');--64
INSERT INTO TIENGUI_COKYHAN VALUES ('CIF0002592','CSAV0025921','CKH.THUONG','2024-05-08','2024-08-08','3','3.18','1500000000','VND','0','0','0','2024-08-08','1');--65
INSERT INTO TIENGUI_COKYHAN VALUES ('CIF0006599','CSAV0065992','CKH.THUONG','2024-05-10','2024-08-10','3','3.18','14000000000','VND','0','0','0','2024-08-10','1');--66
INSERT INTO TIENGUI_COKYHAN VALUES ('CIF0015903','CSAV0159031','CKH.THUONG','2024-05-10','2024-08-10','3','3.18','30000000000','VND','0','0','0','2024-08-10','1');--69
INSERT INTO TIENGUI_COKYHAN VALUES ('CIF0015903','CSAV0159032','CKH.THUONG','2024-05-10','2024-08-10','3','0','2000000000','USD','0','0','0','2024-08-10','1');--70
INSERT INTO TIENGUI_COKYHAN VALUES ('CIF0018471','CSAV0184711','COKYHAN.TS','2024-05-10','2024-09-10','4','3.3','7800000000','VND','0','0','0','2024-09-10','1');--67
INSERT INTO TIENGUI_COKYHAN VALUES ('CIF0006072','CSAV0060723','CKH.THUONG','2024-05-10','2024-09-10','4','3.27','3000000000','VND','0','0','0','2024-09-10','1');--68
INSERT INTO TIENGUI_COKYHAN VALUES ('CIF0014891','CSAV0148911','CKH.UUTIEN','2024-05-12','2024-08-12','3','3.18','54000000000','VND','0','0','0','2024-08-12','1');--71
INSERT INTO TIENGUI_COKYHAN VALUES ('CIF0017021','CSAV0170211','COKYHAN.TT','2024-05-20','2024-06-20','1','2.13','12500000000','VND','0','0','0','2024-06-20','1');--72
INSERT INTO TIENGUI_COKYHAN VALUES ('CIF0006981','CSAV0069811','CKH.THUONG','2024-05-21','2024-06-21','1','2.13','45000000000','VND','0','0','0','2024-06-21','1');--74
INSERT INTO TIENGUI_COKYHAN VALUES ('CIF0018864','CSAV0188641','CKH.THUONG','2024-05-21','2024-08-21','3','3.18','1000000000','VND','0','0','0','2024-08-21','1');--73
INSERT INTO TIENGUI_COKYHAN VALUES ('CIF0002233','CSAV0022331','CKH.THUONG','2024-05-23','2024-08-23','3','3.18','4600000000','VND','0','0','0','2024-08-23','1');--75
INSERT INTO TIENGUI_COKYHAN VALUES ('CIF0002233','CSAV0022332','CKH.THUONG','2024-05-23','2024-08-23','3','0','500000','USD','0','0','0','2024-08-23','1');--93
INSERT INTO TIENGUI_COKYHAN VALUES ('CIF0018643','CSAV0186431','CKH.THUONG','2024-05-24','2025-02-24','9','4.9','1250000000','VND','0','0','0',NULL,'0');--76
INSERT INTO TIENGUI_COKYHAN VALUES ('CIF0006765','CSAV0067651','CKH.UUTIEN','2024-05-28','2024-06-28','1','2.13','150000000000','VND','0','0','0','2024-06-28','1');--77
INSERT INTO TIENGUI_COKYHAN VALUES ('CIF0002239','CSAV0022391','CKH.THUONG','2024-06-01','2024-09-01','3','3.18','2400000000','VND','0','0','0','2024-09-01','1');--79
INSERT INTO TIENGUI_COKYHAN VALUES ('CIF0002248','CSAV0022483','CKH.THUONG','2024-06-01','2024-10-01','4','3.31','4000000000','VND','0','0','0','2024-10-01','1');--78
INSERT INTO TIENGUI_COKYHAN VALUES ('CIF0018492','CSAV0184921','CKH.THUONG','2024-06-10','2024-09-10','3','3.18','4000000000','VND','0','0','0','2024-09-10','1');--81
INSERT INTO TIENGUI_COKYHAN VALUES ('CIF0016336','CSAV0163361','CKH.THUONG','2024-06-10','2024-12-10','6','4.27','500000000','VND','0','0','0','2024-12-10','1');--80
INSERT INTO TIENGUI_COKYHAN VALUES ('CIF0016239','CSAV0162391','CKH.THUONG','2024-06-20','2024-09-20','3','3.18','2500000000','VND','0','0','0','2024-09-20','1');--82
INSERT INTO TIENGUI_COKYHAN VALUES ('CIF0006224','CSAV0062241','CKH.THUONG','2024-06-23','2024-09-23','3','3.18','8317094000','VND','0','0','0','2024-09-23','1');--83
INSERT INTO TIENGUI_COKYHAN VALUES ('CIF0002593','CSAV0025931','CKH.THUONG','2024-06-28','2024-07-28','1','2.13','5260000000','VND','0','0','0','2024-07-28','1');--84
INSERT INTO TIENGUI_COKYHAN VALUES ('CIF0015406','CSAV0154061','COKYHAN.TS','2024-06-29','2024-09-29','3','3.18','3600000000','VND','0','0','0','2024-09-29','1');--85
INSERT INTO TIENGUI_COKYHAN VALUES ('CIF0006944','CSAV0069441','CKH.THUONG','2024-07-01','2024-10-01','3','3.18','1500000000','VND','0','0','0','2024-10-01','1');--86
INSERT INTO TIENGUI_COKYHAN VALUES ('CIF0016243','CSAV0162431','CKH.THUONG','2024-07-01','2024-10-01','3','3.15','1000000000','VND','0','0','0','2024-10-01','1');--87
INSERT INTO TIENGUI_COKYHAN VALUES ('CIF0002587','CSAV0025872','CKH.THUONG','2024-07-10','2024-10-10','3','3.18','4000000000','VND','0','0','0','2024-10-10','1');--88
INSERT INTO TIENGUI_COKYHAN VALUES ('CIF0015516','CSAV0155161','CKH.THUONG','2024-07-10','2024-10-10','3','3.18','2600000000','VND','0','0','0','2024-10-10','1');--89
INSERT INTO TIENGUI_COKYHAN VALUES ('CIF0006231','CSAV0062311','COKYHAN.TT','2024-07-19','2024-10-19','3','3.17','7000000000','VND','0','0','0','2024-10-19','1');--90
INSERT INTO TIENGUI_COKYHAN VALUES ('CIF0004223','CSAV0042231','CKH.THUONG','2024-07-29','2024-10-29','3','3.18','4200000000','VND','0','0','0','2024-10-29','1');--91
INSERT INTO TIENGUI_COKYHAN VALUES ('CIF0004524','CSAV0045241','CKH.THUONG','2024-07-30','2024-10-30','3','3.18','1500000000','VND','0','0','0','2024-10-30','1');--92
INSERT INTO TIENGUI_COKYHAN VALUES ('CIF9080928','CSAV9080928','CKH.THUONG','2024-08-01','2024-09-01','1','2.14','2400000000','VND','0','0','0','2024-09-01','1');--94
INSERT INTO TIENGUI_COKYHAN VALUES ('CIF9080929','CSAV9080929','CKH.THUONG','2024-08-02','2024-12-04','4','3.3','500000000','VND','0','0','0','2024-12-04','1');--95
INSERT INTO TIENGUI_COKYHAN VALUES ('CIF9080930','CSAV9080930','CKH.THUONG','2024-08-03','2024-09-03','1','2.13','4000000000','VND','0','0','0','2024-09-03','1');--96
INSERT INTO TIENGUI_COKYHAN VALUES ('CIF9080941','CSAV9080941','CKH.THUONG','2024-08-04','2024-09-04','1','2.13','2500000000','VND','0','0','0','2024-09-04','1');--97
INSERT INTO TIENGUI_COKYHAN VALUES ('CIF9080942','CSAV9080942','CKH.THUONG','2024-08-05','2024-09-05','1','2.13','8317094000','VND','0','0','0','2024-09-05','1');--98
INSERT INTO TIENGUI_COKYHAN VALUES ('CIF9080943','CSAV9080943','CKH.THUONG','2024-08-06','2024-09-06','1','2.13','5260000000','VND','0','0','0','2024-09-06','1');--99
INSERT INTO TIENGUI_COKYHAN VALUES ('CIF9080945','CSAV9080945','CKH.THUONG','2024-08-07','2024-09-07','1','2.15','3600000000','VND','0','0','0','2024-09-07','1');--100
INSERT INTO TIENGUI_COKYHAN VALUES ('CIF9080946','CSAV9080946','CKH.THUONG','2024-08-08','2024-09-08','1','2.13','1500000000','VND','0','0','0','2024-09-08','1');--101
INSERT INTO TIENGUI_COKYHAN VALUES ('CIF9080947','CSAV9080947','CKH.THUONG','2024-08-09','2024-09-09','1','2.13','1000000000','VND','0','0','0','2024-09-09','1');--102
INSERT INTO TIENGUI_COKYHAN VALUES ('CIF9080948','CSAV9080948','CKH.THUONG','2024-08-10','2024-10-10','2','2.18','4000000000','VND','0','0','0','2024-10-10','1');--103
INSERT INTO TIENGUI_COKYHAN VALUES ('CIF9080949','CSAV9080949','CKH.THUONG','2024-08-11','2024-09-11','1','2.13','2600000000','VND','0','0','0','2024-09-11','1');--104
INSERT INTO TIENGUI_COKYHAN VALUES ('CIF9080950','CSAV9080950','COKYHAN.TS','2024-08-12','2024-10-12','2','2.18','7000000000','VND','0','0','0','2024-10-12','1');--105
INSERT INTO TIENGUI_COKYHAN VALUES ('CIF9080952','CSAV9080952','CKH.THUONG','2024-08-13','2024-10-13','2','2.18','4200000000','VND','0','0','0','2024-10-13','1');--106
INSERT INTO TIENGUI_COKYHAN VALUES ('CIF9080953','CSAV9080953','CKH.THUONG','2024-08-14','2024-10-14','2','2.18','1500000000','VND','0','0','0','2024-10-14','1');--107
INSERT INTO TIENGUI_COKYHAN VALUES ('CIF9080954','CSAV9080954','CKH.THUONG','2024-08-15','2024-11-15','3','3.18','36000000000','VND','0','0','0','2024-11-15','1');--108
INSERT INTO TIENGUI_COKYHAN VALUES ('CIF9080955','CSAV9080955','COKYHAN.TT','2024-08-16','2024-11-16','3','3.18','15000000000','VND','0','0','0','2024-11-16','1');--109
INSERT INTO TIENGUI_COKYHAN VALUES ('CIF9080961','CSAV9080961','CKH.THUONG','2024-08-17','2024-11-17','3','3.15','10000000000','VND','0','0','0','2024-11-17','1');--110
INSERT INTO TIENGUI_COKYHAN VALUES ('CIF9080975','CSAV9080975','CKH.THUONG','2024-08-18','2024-11-18','3','3.18','42000000000','VND','0','0','0','2024-11-18','1');--111
INSERT INTO TIENGUI_COKYHAN VALUES ('CIF9080980','CSAV9080980','CKH.THUONG','2024-08-19','2024-11-19','3','3.18','26000000000','VND','0','0','0','2024-11-19','1');--112
INSERT INTO TIENGUI_COKYHAN VALUES ('CIF9080981','CSAV9080981','CKH.THUONG','2024-08-20','2024-11-20','3','3.17','17000000000','VND','0','0','0','2024-11-20','1');--113
INSERT INTO TIENGUI_COKYHAN VALUES ('CIF9080982','CSAV9080982','CKH.THUONG','2024-08-21','2024-11-21','3','3.18','5000000000','VND','0','0','0','2024-11-21','1');--114
INSERT INTO TIENGUI_COKYHAN VALUES ('CIF9080983','CSAV9080983','CKH.UUTIEN','2024-08-22','2024-11-22','3','3.18','80000000000','VND','0','0','0','2024-11-22','1');--115
INSERT INTO TIENGUI_COKYHAN VALUES ('CIF9080986','CSAV9080986','CKH.THUONG','2024-08-23','2024-09-22','1','2.13','1400000000','VND','0','0','0','2024-09-22','1');--116
INSERT INTO TIENGUI_COKYHAN VALUES ('CIF9080989','CSAV9080989','CKH.THUONG','2024-08-24','2024-11-24','3','3.18','5600000000','VND','0','0','0','2024-11-24','1');--117
INSERT INTO TIENGUI_COKYHAN VALUES ('CIF9080990','CSAV9080990','CKH.THUONG','2024-08-25','2025-02-26','6','4.31','7800000000','VND','0','0','0',NULL,'0');--118
INSERT INTO TIENGUI_COKYHAN VALUES ('CIF9080991','CSAV9080991','CKH.THUONG','2024-08-26','2024-11-26','3','3.18','24000000000','VND','0','0','0','2024-11-26','1');--119
INSERT INTO TIENGUI_COKYHAN VALUES ('CIF9081002','CSAV9081002','CKH.THUONG','2024-08-27','2024-11-27','3','3.17','11000000000','VND','0','0','0','2024-11-27','1');--120
INSERT INTO TIENGUI_COKYHAN VALUES ('CIF9081004','CSAV9081004','CKH.THUONG','2024-08-28','2024-11-28','3','3.18','7000000000','VND','0','0','0','2024-11-28','1');--121
INSERT INTO TIENGUI_COKYHAN VALUES ('CIF9081006','CSAV9081006','COKYHAN.TS','2024-08-29','2024-11-29','3','3.18','4200000000','VND','0','0','0','2024-11-29','1');--122
INSERT INTO TIENGUI_COKYHAN VALUES ('CIF9081007','CSAV9081007','CKH.THUONG','2024-08-30','2024-11-30','3','3.18','1500000000','VND','0','0','0','2024-11-30','1');--123
INSERT INTO TIENGUI_COKYHAN VALUES ('CIF9081009','CSAV9081009','CKH.THUONG','2024-08-31','2024-10-31','2','2.18','36000000000','VND','0','0','0','2024-10-31','1');--124
INSERT INTO TIENGUI_COKYHAN VALUES ('CIF9081010','CSAV9081010','CKH.THUONG','2024-09-10','2024-12-11','3','3.18','15000000000','VND','0','0','0','2024-12-11','1');--125
INSERT INTO TIENGUI_COKYHAN VALUES ('CIF9081011','CSAV9081011','COKYHAN.TT','2024-09-11','2024-11-11','2','2.17','10000000000','VND','0','0','0','2024-11-11','1');--126
INSERT INTO TIENGUI_COKYHAN VALUES ('CIF9081014','CSAV9081014','CKH.THUONG','2024-09-12','2024-12-13','3','3.15','26000000000','VND','0','0','0','2024-12-13','1');--127
INSERT INTO TIENGUI_COKYHAN VALUES ('CIF9081015','CSAV9081015','CKH.THUONG','2024-09-13','2025-03-17','6','4.35','17000000000','VND','0','0','0',NULL,'0');--128
INSERT INTO TIENGUI_COKYHAN VALUES ('CIF9081016','CSAV9081016','CKH.THUONG','2024-09-14','2024-10-14','1','2.13','5000000000','VND','0','0','0','2024-10-14','1');--129
INSERT INTO TIENGUI_COKYHAN VALUES ('CIF9081022','CSAV9081022','CKH.UUTIEN','2024-09-15','2024-12-16','3','3.16','80000000000','VND','0','0','0','2024-12-16','1');--130
INSERT INTO TIENGUI_COKYHAN VALUES ('CIF9081023','CSAV9081023','CKH.THUONG','2024-09-16','2024-12-17','3','3.18','1400000000','VND','0','0','0','2024-12-17','1');--131
INSERT INTO TIENGUI_COKYHAN VALUES ('CIF9081025','CSAV9081025','CKH.THUONG','2024-09-17','2025-03-21','6','4.32','5600000000','VND','0','0','0',NULL,'0');--132
INSERT INTO TIENGUI_COKYHAN VALUES ('CIF9081026','CSAV9081026','CKH.THUONG','2024-09-18','2024-10-18','1','2.13','7800000000','VND','0','0','0','2024-10-18','1');--133
INSERT INTO TIENGUI_COKYHAN VALUES ('CIF9081028','CSAV9081028','CKH.THUONG','2024-09-19','2024-10-19','1','2.14','1500000000','VND','0','0','0','2024-10-19','1');--134
INSERT INTO TIENGUI_COKYHAN VALUES ('CIF9081029','CSAV9081029','CKH.THUONG','2024-09-20','2024-10-20','1','2.12','36000000000','VND','0','0','0','2024-10-20','1');--135
INSERT INTO TIENGUI_COKYHAN VALUES ('CIF9081031','CSAV9081031','CKH.THUONG','2024-09-21','2024-11-21','2','2.17','15000000000','VND','0','0','0','2024-11-21','1');--136
INSERT INTO TIENGUI_COKYHAN VALUES ('CIF9081033','CSAV9081033','CKH.THUONG','2024-09-22','2024-10-22','1','2.13','10000000000','VND','0','0','0','2024-10-22','1');--137
INSERT INTO TIENGUI_COKYHAN VALUES ('CIF9081034','CSAV9081034','CKH.THUONG','2024-09-23','2024-11-23','2','2.17','26000000000','VND','0','0','0','2024-11-23','1');--138
INSERT INTO TIENGUI_COKYHAN VALUES ('CIF9081036','CSAV9081036','COKYHAN.TS','2024-10-15','2024-12-15','2','2.17','5600000000','VND','0','0','0','2024-12-15','1');--139
INSERT INTO TIENGUI_COKYHAN VALUES ('CIF9081039','CSAV9081039','CKH.THUONG','2024-10-16','2024-12-16','2','2.17','7800000000','VND','0','0','0','2024-12-16','1');--140
INSERT INTO TIENGUI_COKYHAN VALUES ('CIF9081041','CSAV9081041','CKH.THUONG','2024-10-17','2025-01-17','3','0','2000000','USD','0','0','0',NULL,'0');--141
INSERT INTO TIENGUI_COKYHAN VALUES ('CIF9081046','CSAV9081046','COKYHAN.TT','2024-10-18','2025-01-18','3','3.18','11000000000','VND','0','0','0',NULL,'0');--142
INSERT INTO TIENGUI_COKYHAN VALUES ('CIF9081047','CSAV9081047','CKH.THUONG','2024-10-19','2025-01-19','3','3.15','7000000000','VND','0','0','0',NULL,'0');--143
INSERT INTO TIENGUI_COKYHAN VALUES ('CIF9081048','CSAV9081048','CKH.THUONG','2024-10-20','2025-01-20','3','3.18','4200000000','VND','0','0','0',NULL,'0');--144
INSERT INTO TIENGUI_COKYHAN VALUES ('CIF9081049','CSAV9081049','CKH.THUONG','2024-10-21','2025-01-21','3','3.18','1500000000','VND','0','0','0',NULL,'0');--145
INSERT INTO TIENGUI_COKYHAN VALUES ('CIF9081050','CSAV9081050','CKH.THUONG','2024-10-22','2025-01-22','3','3.17','36000000000','VND','0','0','0',NULL,'0');--146
INSERT INTO TIENGUI_COKYHAN VALUES ('CIF9081055','CSAV9081055','CKH.THUONG','2024-10-23','2025-01-23','3','3.18','15000000000','VND','0','0','0',NULL,'0');--147
INSERT INTO TIENGUI_COKYHAN VALUES ('CIF9081058','CSAV9081058','CKH.THUONG','2024-10-24','2025-01-24','3','3.18','10000000000','VND','0','0','0',NULL,'0');--148
INSERT INTO TIENGUI_COKYHAN VALUES ('CIF9081059','CSAV9081059','CKH.THUONG','2024-10-25','2024-11-24','1','2.12','26000000000','VND','0','0','0','2024-11-24','1');--149
INSERT INTO TIENGUI_COKYHAN VALUES ('CIF9081060','CSAV9081060','CKH.THUONG','2024-10-26','2025-01-26','3','3.18','17000000000','VND','0','0','0',NULL,'0');--150
INSERT INTO TIENGUI_COKYHAN VALUES ('CIF9081062','CSAV9081062','CKH.THUONG','2024-10-27','2025-04-30','6','4.31','5000000000','VND','0','0','0',NULL,'0');--151
INSERT INTO TIENGUI_COKYHAN VALUES ('CIF9081063','CSAV9081063','CKH.UUTIEN','2024-10-28','2025-01-28','3','3.18','80000000000','VND','0','0','0',NULL,'0');--152
INSERT INTO TIENGUI_COKYHAN VALUES ('CIF9081065','CSAV9081065','CKH.THUONG','2024-10-29','2025-01-29','3','3.17','1400000000','VND','0','0','0',NULL,'0');--153
INSERT INTO TIENGUI_COKYHAN VALUES ('CIF9081066','CSAV9081066','CKH.THUONG','2024-10-30','2025-01-30','3','3.18','5600000000','VND','0','0','0',NULL,'0');--154
INSERT INTO TIENGUI_COKYHAN VALUES ('CIF9081067','CSAV9081067','COKYHAN.TS','2024-10-31','2025-01-31','3','3.18','7800000000','VND','0','0','0',NULL,'0');--155
INSERT INTO TIENGUI_COKYHAN VALUES ('CIF9081068','CSAV9081068','CKH.THUONG','2024-11-01','2025-02-01','3','3.18','1500000000','VND','0','0','0',NULL,'0');--156
INSERT INTO TIENGUI_COKYHAN VALUES ('CIF9081069','CSAV9081069','CKH.THUONG','2024-11-13','2025-01-13','2','2.17','36000000000','VND','0','0','0',NULL,'0');--157
INSERT INTO TIENGUI_COKYHAN VALUES ('CIF9081070','CSAV9081070','COKYHAN.TT','2024-11-14','2025-02-14','3','3.18','4600000000','VND','0','0','0',NULL,'0');--158
INSERT INTO TIENGUI_COKYHAN VALUES ('CIF9081071','CSAV9081071','CKH.THUONG','2024-11-15','2025-01-15','2','2.16','1250000000','VND','0','0','0',NULL,'0');--159
INSERT INTO TIENGUI_COKYHAN VALUES ('CIF9081072','CSAV9081072','CKH.THUONG','2024-11-16','2025-02-16','3','0','150000','EUR','0','0','0',NULL,'0');--160
INSERT INTO TIENGUI_COKYHAN VALUES ('CIF9081073','CSAV9081073','CKH.THUONG','2024-11-17','2025-08-22','9','4.85','4000000000','VND','0','0','0',NULL,'0');--161
INSERT INTO TIENGUI_COKYHAN VALUES ('CIF9081074','CSAV9081074','CKH.THUONG','2024-11-18','2024-12-18','1','2.12','2400000000','VND','0','0','0','2024-12-18','1');--162
INSERT INTO TIENGUI_COKYHAN VALUES ('CIF9081075','CSAV9081075','CKH.THUONG','2024-11-19','2025-02-19','3','3.16','500000000','VND','0','0','0',NULL,'0');--163
INSERT INTO TIENGUI_COKYHAN VALUES ('CIF9081076','CSAV9081076','CKH.THUONG','2024-11-20','2025-02-20','3','3.18','4000000000','VND','0','0','0',NULL,'0');--164
INSERT INTO TIENGUI_COKYHAN VALUES ('CIF9081077','CSAV9081077','CKH.THUONG','2024-11-21','2025-05-25','6','4.32','2500000000','VND','0','0','0',NULL,'0');--165
INSERT INTO TIENGUI_COKYHAN VALUES ('CIF9081078','CSAV9081078','CKH.THUONG','2024-11-22','2024-12-22','1','2.12','8317094000','VND','0','0','0','2024-12-22','1');--166
INSERT INTO TIENGUI_COKYHAN VALUES ('CIF9081080','CSAV9081080','CKH.THUONG','2024-11-23','2024-12-23','1','2.12','5260000000','VND','0','0','0','2024-12-23','1');--167
INSERT INTO TIENGUI_COKYHAN VALUES ('CIF9081081','CSAV9081081','CKH.THUONG','2024-11-24','2024-12-24','1','2.12','3600000000','VND','0','0','0','2024-12-24','1');--168
INSERT INTO TIENGUI_COKYHAN VALUES ('CIF9081086','CSAV9081086','COKYHAN.TT','2024-11-25','2025-01-25','2','2.17','1500000000','VND','0','0','0',NULL,'0');--169
INSERT INTO TIENGUI_COKYHAN VALUES ('CIF9081088','CSAV9081088','CKH.THUONG','2024-11-26','2024-12-26','1','2.12','1400000000','VND','0','0','0','2024-12-26','1');--170
INSERT INTO TIENGUI_COKYHAN VALUES ('CIF9081089','CSAV9081089','COKYHAN.TS','2024-12-07','2025-02-07','2','2.17','5600000000','VND','0','0','0',NULL,'0');--171
INSERT INTO TIENGUI_COKYHAN VALUES ('CIF9081090','CSAV9081090','CKH.THUONG','2024-12-08','2025-02-08','2','2.17','7800000000','VND','0','0','0',NULL,'0');--172
INSERT INTO TIENGUI_COKYHAN VALUES ('CIF9081092','CSAV9081092','CKH.THUONG','2024-12-09','2025-02-09','2','2.17','1500000000','VND','0','0','0',NULL,'0');--173
INSERT INTO TIENGUI_COKYHAN VALUES ('CIF9081093','CSAV9081093','CKH.THUONG','2024-12-10','2025-03-10','3','0','600000','USD','0','0','0',NULL,'0');--174
INSERT INTO TIENGUI_COKYHAN VALUES ('CIF9081094','CSAV9081094','CKH.THUONG','2024-12-11','2025-03-11','3','3.18','4600000000','VND','0','0','0',NULL,'0');--175
INSERT INTO TIENGUI_COKYHAN VALUES ('CIF9081096','CSAV9081096','CKH.THUONG','2024-12-12','2025-03-12','3','3.15','1250000000','VND','0','0','0',NULL,'0');--176
INSERT INTO TIENGUI_COKYHAN VALUES ('CIF9081097','CSAV9081097','COKYHAN.TS','2024-12-13','2025-03-13','3','0','1500000','EUR','0','0','0',NULL,'0');--177
INSERT INTO TIENGUI_COKYHAN VALUES ('CIF9081098','CSAV9081098','CKH.THUONG','2024-12-14','2025-03-14','3','3.18','4000000000','VND','0','0','0',NULL,'0');--178
INSERT INTO TIENGUI_COKYHAN VALUES ('CIF9081099','CSAV9081099','COKYHAN.TT','2024-12-15','2025-03-15','3','3.17','2400000000','VND','0','0','0',NULL,'0');--179
INSERT INTO TIENGUI_COKYHAN VALUES ('CIF9081100','CSAV9081100','CKH.UUTIEN','2024-12-16','2025-03-16','3','3.18','75000000000','VND','0','0','0',NULL,'0');--180
INSERT INTO TIENGUI_COKYHAN VALUES ('CIF9081101','CSAV9081101','CKH.THUONG','2024-12-17','2025-03-17','3','3.18','4000000000','VND','0','0','0',NULL,'0');--181
INSERT INTO TIENGUI_COKYHAN VALUES ('CIF9081103','CSAV9081103','CKH.THUONG','2024-12-18','2025-01-18','1','2.12','2400000000','VND','0','0','0',NULL,'0');--182
INSERT INTO TIENGUI_COKYHAN VALUES ('CIF9081107','CSAV9081107','COKYHAN.TS','2024-12-19','2025-03-19','3','3.18','3500000000','VND','0','0','0',NULL,'0');--183
INSERT INTO TIENGUI_COKYHAN VALUES ('CIF9081116','CSAV9081116','CKH.THUONG','2024-12-20','2025-06-20','6','4.31','44000000000','VND','0','0','0',NULL,'0');--184
INSERT INTO TIENGUI_COKYHAN VALUES ('CIF9081117','CSAV9081117','COKYHAN.TT','2024-12-21','2025-03-21','3','3.18','2500000000','VND','0','0','0',NULL,'0');--185
INSERT INTO TIENGUI_COKYHAN VALUES ('CIF9081118','CSAV9081118','CKH.THUONG','2024-12-22','2025-03-22','3','3.17','36000000000','VND','0','0','0',NULL,'0');--186
INSERT INTO TIENGUI_COKYHAN VALUES ('CIF9081119','CSAV9081119','CKH.THUONG','2024-12-23','2025-03-23','3','3.18','15000000000','VND','0','0','0',NULL,'0');--187




INSERT INTO TIENGUI_TIETKIEM VALUES ('CIF0016964','CSAV00169641','THANTAI2023.TT','2023-01-04','2024-01-04','12','8.12','720000000','VND','0','0','1',NULL,'0');--1
INSERT INTO TIENGUI_TIETKIEM VALUES ('CIF0016367','CSAV00163671','THANTAI2023.TS','2023-02-12','2024-02-12','12','9.60','180000000','VND','0','0','0','2024-02-12','1');--2
INSERT INTO TIENGUI_TIETKIEM VALUES ('CIF0015213','CSAV00152131','TIETKIEMDUTHUONG','2023-04-09','2024-04-09','12','7.15','434210000','VND','0','0','1','2024-04-09','1');--3
INSERT INTO TIENGUI_TIETKIEM VALUES ('CIF0016367','CSAV00163672','TK-TICHLUY','2023-05-10','2025-05-10','24','9.52','197280000','VND','0','0','0',NULL,'0');--4
INSERT INTO TIENGUI_TIETKIEM VALUES ('CIF0016964','CSAV00169642','TK-THUONG.TS','2023-05-20','2024-05-20','12','9.85','200000000','VND','0','0','0','2024-05-20','1');--5
INSERT INTO TIENGUI_TIETKIEM VALUES ('CIF0016367','CSAV00163673','TK-THUONG.TS','2023-06-01','2024-06-01','12','9.34','50000000','VND','0','0','1','2024-06-01','1');--6
INSERT INTO TIENGUI_TIETKIEM VALUES ('CIF0002313','CSAV0002311','TK-THUONG.TS','2023-06-09','2024-06-09','12','9.00','400000000','VND','0','0','0','2024-06-09','1');--7
INSERT INTO TIENGUI_TIETKIEM VALUES ('CIF0016964','CSAV00169643','TK-THUONG.TS','2023-08-08','2024-08-08','12','8.75','150000000','VND','0','0','0','2024-08-08','1');--8
INSERT INTO TIENGUI_TIETKIEM VALUES ('CIF0001292','CSAV00012921','TK-THUONG.TS','2023-08-15','2024-08-15','12','8.55','150000000','VND','0','0','0','2024-08-15','1');--9
INSERT INTO TIENGUI_TIETKIEM VALUES ('CIF0006435','CSAV00064355','TK-THUONG.TS','2023-09-23','2024-09-23','12','8.38','8310000000','VND','0','0','1',NULL,'0');--10
INSERT INTO TIENGUI_TIETKIEM VALUES ('CIF0007221','CSAV00072211','THANTAI2024.TT','2023-12-02','2024-12-02','12','8.25','100000000','VND','0','0','1',NULL,'0');--11
INSERT INTO TIENGUI_TIETKIEM VALUES ('CIF0016964','CSAV00169644','THANTAI2024.TT','2024-01-04','2025-01-04','12','7.85','895392000','VND','0','0','1',NULL,'0');--12
INSERT INTO TIENGUI_TIETKIEM VALUES ('CIF00169614','CSAV001696141','THANTAI2024.TT','2024-01-10','2025-01-10','12','7.86','10000000000','VND','0','0','0',NULL,'0');--13
INSERT INTO TIENGUI_TIETKIEM VALUES ('CIF00169628','CSAV00169628','THANTAI2024.TS','2024-01-10','2025-01-10','12','7.87','2400000000','VND','0','0','0',NULL,'0');--14
INSERT INTO TIENGUI_TIETKIEM VALUES ('CIF00169610','CSAV001696103','THANTAI2024.TT','2024-01-14','2025-01-14','12','7.60','1000000000','VND','0','0','0',NULL,'0');--15
INSERT INTO TIENGUI_TIETKIEM VALUES ('CIF00169614','CSAV001696142','THANTAI2024.TT','2024-01-15','2024-07-15','6','4.32','5000000000','VND','0','0','0','2024-05-15','1');--16
INSERT INTO TIENGUI_TIETKIEM VALUES ('CIF00169618','CSAV001696181','THANTAI2024.TT','2024-01-15','2025-01-15','12','7.70','4500000000','VND','0','0','0',NULL,'0');--17
INSERT INTO TIENGUI_TIETKIEM VALUES ('CIF00169611','CSAV001696111','THANTAI2024.TT','2024-01-16','2025-01-16','12','7.30','10000000000','VND','0','0','0',NULL,'0');--18
INSERT INTO TIENGUI_TIETKIEM VALUES ('CIF00169625','CSAV00169625','THANTAI2024.TT','2024-01-16','2025-01-16','12','7.10','2000000000','VND','0','0','0',NULL,'0');--19
INSERT INTO TIENGUI_TIETKIEM VALUES ('CIF00169623','CSAV001696231','THANTAI2024.TT','2024-01-19','2025-01-19','12','7.20','756000000','VND','0','0','0',NULL,'0');--20
INSERT INTO TIENGUI_TIETKIEM VALUES ('CIF00169610','CSAV001696101','THANTAI2024.TT','2024-01-20','2025-01-20','12','6.90','500000000','VND','0','0','0',NULL,'0');--21
INSERT INTO TIENGUI_TIETKIEM VALUES ('CIF00169617','CSAV001696171','THANTAI2024.TS','2024-01-20','2025-01-20','12','6.90','2600000000','VND','0','0','0',NULL,'0');--22
INSERT INTO TIENGUI_TIETKIEM VALUES ('CIF00169630','CSAV00169630','THANTAI2024.TT','2024-01-21','2025-01-21','12','6.80','460000000','VND','0','0','0',NULL,'0');--23
INSERT INTO TIENGUI_TIETKIEM VALUES ('CIF9080906','CSAV9080906','THANTAI2024.TT','2024-01-21','2026-01-21','24','5.58','600000000','VND','0','0','0',NULL,'0');--24
INSERT INTO TIENGUI_TIETKIEM VALUES ('CIF9080901','CSAV9080901','THANTAI2024.TT','2024-01-23','2025-01-23','12','6.02','100000000','VND','0','0','0',NULL,'0');--25
INSERT INTO TIENGUI_TIETKIEM VALUES ('CIF0001288','CSAV00012881','THANTAI2024.TT','2024-02-01','2025-02-01','12','6.90','500000000','VND','0','0','1',NULL,'0');--26
INSERT INTO TIENGUI_TIETKIEM VALUES ('CIF0001292','CSAV00012922','THANTAI2024.TS','2024-02-01','2024-08-01','6','4.23','1000000000','VND','0','0','0','2024-06-01','1');--27
INSERT INTO TIENGUI_TIETKIEM VALUES ('CIF9080909','CSAV9080909','THANTAI2024.TT','2024-02-01','2024-08-01','6','5.89','1250000000','VND','0','0','1','2024-03-01','1');--28
INSERT INTO TIENGUI_TIETKIEM VALUES ('CIF9080911','CSAV9080911','THANTAI2024.TS','2024-02-07','2025-02-07','12','5.91','154000000','VND','0','0','0',NULL,'0');--29
INSERT INTO TIENGUI_TIETKIEM VALUES ('CIF9080903','CSAV9080903','THANTAI2024.TT','2024-02-10','2025-02-10','12','5.57','35000000','VND','0','0','0',NULL,'0');--30
INSERT INTO TIENGUI_TIETKIEM VALUES ('CIF00169622','CSAV001696221','THANTAI2024.TT','2024-02-11','2025-02-11','12','6.80','254000000','VND','0','0','0',NULL,'0');--31
INSERT INTO TIENGUI_TIETKIEM VALUES ('CIF9080907','CSAV9080907','THANTAI2024.TT','2024-02-13','2024-05-13','3','5.57','65000000','VND','0','0','1',NULL,'0');--32
INSERT INTO TIENGUI_TIETKIEM VALUES ('CIF00169608','CSAV001696081','THANTAI2024.TS','2024-02-25','2025-02-25','12','6.75','450000000','VND','0','0','0',NULL,'0');--33
INSERT INTO TIENGUI_TIETKIEM VALUES ('CIF00169624','CSAV001696241','THANTAI2024.TT','2024-02-25','2025-02-25','12','6.75','150000000','VND','0','0','0',NULL,'0');--34
INSERT INTO TIENGUI_TIETKIEM VALUES ('CIF00169607','CSAV001696071','THANTAI2024.TT','2024-03-01','2025-03-01','12','6.25','150000000','VND','0','0','1',NULL,'0');--35
INSERT INTO TIENGUI_TIETKIEM VALUES ('CIF00169623','CSAV001696232','THANTAI2024.TS','2024-03-01','2024-06-01','3','4.7','310000000','VND','0','0','0','2024-06-01','1');--36
INSERT INTO TIENGUI_TIETKIEM VALUES ('CIF0001288','CSAV00012882','THANTAI2024.TT','2024-03-03','2024-09-03','6','4.2','1600000000','VND','0','0','1',NULL,'0');--37
INSERT INTO TIENGUI_TIETKIEM VALUES ('CIF00169629','CSAV00169629','THANTAI2024.TT','2024-03-07','2025-03-07','12','6.20','150000000','VND','0','0','0',NULL,'0');--38
INSERT INTO TIENGUI_TIETKIEM VALUES ('CIF0007221','CSAV00072212','THANTAI2024.TS','2024-03-08','2024-06-08','3','5.22','3500000000','VND','0','0','0','2024-06-08','1');--39
INSERT INTO TIENGUI_TIETKIEM VALUES ('CIF00169605','CSAV001696051','THANTAI2024.TT','2024-03-08','2025-03-08','12','5.90','125000000','VND','0','0','1',NULL,'0');--40
INSERT INTO TIENGUI_TIETKIEM VALUES ('CIF00169616','CSAV001696161','THANTAI2024.TT','2024-03-08','2025-03-08','12','5.90','1000000000','VND','0','0','0',NULL,'0');--41
INSERT INTO TIENGUI_TIETKIEM VALUES ('CIF0002313','CSAV0002312','THANTAI2024.TT','2024-03-10','2025-03-10','12','5.87','100000000','VND','0','0','0',NULL,'0');--42
INSERT INTO TIENGUI_TIETKIEM VALUES ('CIF00169610','CSAV001696102','THANTAI2024.TT','2024-03-15','2025-03-15','12','6.10','7000000000','VND','0','0','0',NULL,'0');--43
INSERT INTO TIENGUI_TIETKIEM VALUES ('CIF00169614','CSAV001696143','THANTAI2024.TS','2024-03-15','2025-03-15','12','6.10','2400000000','VND','0','0','0',NULL,'0');--44
INSERT INTO TIENGUI_TIETKIEM VALUES ('CIF9080913','CSAV9080913','THANTAI2024.TT','2024-03-15','2025-03-15','12','6.00','1000000000','VND','0','0','0',NULL,'0');--45
INSERT INTO TIENGUI_TIETKIEM VALUES ('CIF9080912','CSAV9080912','THANTAI2024.TT','2024-03-16','2024-09-16','6','5.90','700000000','VND','0','0','1',NULL,'0');--46
INSERT INTO TIENGUI_TIETKIEM VALUES ('CIF9080902','CSAV9080902','THANTAI2024.TS','2024-03-23','2024-09-23','6','6.05','2500000000','VND','0','0','1',NULL,'0');--47
INSERT INTO TIENGUI_TIETKIEM VALUES ('CIF00169612','CSAV001696121','THANTAI2024.TT','2024-03-25','2025-03-25','12','6.15','15000000000','VND','0','0','0',NULL,'0');--48
INSERT INTO TIENGUI_TIETKIEM VALUES ('CIF00169626','CSAV00169626','THANTAI2024.TT','2024-03-25','2025-03-25','12','6.10','1500000000','VND','0','0','0',NULL,'0');--49
INSERT INTO TIENGUI_TIETKIEM VALUES ('CIF00169618','CSAV001696182','THANTAI2024.TS','2024-03-26','2025-03-26','12','6.10','2500000000','VND','0','0','0',NULL,'0');--50
INSERT INTO TIENGUI_TIETKIEM VALUES ('CIF9080910','CSAV9080910','THANTAI2024.TT','2024-03-29','2025-03-29','12','5.90','4500000000','VND','0','0','0',NULL,'0');--51
INSERT INTO TIENGUI_TIETKIEM VALUES ('CIF0015213','CSAV00152132','TK-THUONG.TS','2024-04-09','2025-04-09','12','5.2','4652560150','VND','0','0','1','2024-07-09','1');--52
INSERT INTO TIENGUI_TIETKIEM VALUES ('CIF0002313','CSAV0002313','TK-TICHLUY','2024-04-10','2024-10-10','6','6.02','100000000','VND','0','0','0',NULL,'0');--53
INSERT INTO TIENGUI_TIETKIEM VALUES ('CIF00169616','CSAV001696162','TK-ONLINE.TT','2024-04-10','2025-04-10','12','6.05','2500000000','VND','0','0','0',NULL,'0');--54
INSERT INTO TIENGUI_TIETKIEM VALUES ('CIF00169609','CSAV001696091','TK-THUONG.TT','2024-04-12','2025-04-12','12','5.57','35000000','VND','0','0','0',NULL,'0');--55
INSERT INTO TIENGUI_TIETKIEM VALUES ('CIF00169615','CSAV001696153','TK-THUONG.TS','2024-04-12','2025-04-12','12','5.58','600000000','VND','0','0','0',NULL,'0');--56
INSERT INTO TIENGUI_TIETKIEM VALUES ('CIF9080908','CSAV9080908','TK-THUONG.TS','2024-04-13','2025-04-13','12','5.95','200000000','VND','0','0','0',NULL,'0');--57
INSERT INTO TIENGUI_TIETKIEM VALUES ('CIF00169608','CSAV001696082','TK-THUONG.TS','2024-04-14','2025-04-14','12','5.57','65000000','VND','0','0','0',NULL,'0');--58
INSERT INTO TIENGUI_TIETKIEM VALUES ('CIF00169605','CSAV001696052','TK-ONGVANG','2024-04-15','2025-04-15','12','5.95','200000000','VND','0','0','1',NULL,'0');--59
INSERT INTO TIENGUI_TIETKIEM VALUES ('CIF00169613','CSAV001696131','TK-THUONG.TS','2024-04-15','2025-04-15','12','5.89','1250000000','VND','0','0','0',NULL,'0');--60
INSERT INTO TIENGUI_TIETKIEM VALUES ('CIF00169627','CSAV00169627','TK-THUONG.TS','2024-04-15','2025-04-15','12','5.90','4500000000','VND','0','0','0',NULL,'0');--61
INSERT INTO TIENGUI_TIETKIEM VALUES ('CIF00169631','CSAV00169631','TK-THUONG.TS','2024-04-15','2025-04-15','12','5.91','154000000','VND','0','0','0',NULL,'0');--62
INSERT INTO TIENGUI_TIETKIEM VALUES ('CIF00169619','CSAV001696191','TK-TICHLUY','2024-04-20','2025-04-20','12','5.90','700000000','VND','0','0','0',NULL,'0');--63
INSERT INTO TIENGUI_TIETKIEM VALUES ('CIF00169621','CSAV001696211','TK-ONLINE.TS','2024-04-23','2025-04-23','12','6.00','1000000000','VND','0','0','0',NULL,'0');--64
INSERT INTO TIENGUI_TIETKIEM VALUES ('CIF00169614','CSAV001696144','TK-THUONG.TT','2024-04-25','2025-04-25','12','6.00','4200000000','VND','0','0','0',NULL,'0');--65
INSERT INTO TIENGUI_TIETKIEM VALUES ('CIF0015213','CSAV00152133','TK-THUONG.TT','2024-04-30','2024-07-30','3','4.6','1500000000','VND','0','0','0','2024-06-30','1');--66
INSERT INTO TIENGUI_TIETKIEM VALUES ('CIF00169613','CSAV001696132','TK-THUONG.TS','2024-05-07','2025-05-07','12','5.5','500000000','VND','0','0','0','2024-07-20','1');--67
INSERT INTO TIENGUI_TIETKIEM VALUES ('CIF0002313','CSAV0002314','TK-THUONG.TT','2024-05-10','2024-08-10','3','4.32','1200000000','VND','0','0','0','2024-07-15','1');--68
INSERT INTO TIENGUI_TIETKIEM VALUES ('CIF0015213','CSAV00152134','TK-THUONG.TS','2024-05-12','2025-05-12','12','5.3','50420000','VND','0','0','1',NULL,'0');--69
INSERT INTO TIENGUI_TIETKIEM VALUES ('CIF00169620','CSAV001696201','TK-THUONG.TT','2024-05-16','2025-05-16','12','6.00','650000000','VND','0','0','0',NULL,'0');--70
INSERT INTO TIENGUI_TIETKIEM VALUES ('CIF00169608','CSAV001696083','TK-THUONG.TS','2024-05-20','2025-05-20','12','6.00','125000000','VND','0','0','0',NULL,'0');--71
INSERT INTO TIENGUI_TIETKIEM VALUES ('CIF00169615','CSAV001696151','TK-ONGVANG','2024-05-20','2025-05-20','12','6.00','150000000','VND','0','0','0',NULL,'0');--72
INSERT INTO TIENGUI_TIETKIEM VALUES ('CIF00169609','CSAV001696092','TK-THUONG.TS','2024-05-21','2025-05-21','12','6.00','165000000','VND','0','0','0',NULL,'0');--73
INSERT INTO TIENGUI_TIETKIEM VALUES ('CIF00169615','CSAV001696154','TK-ONGVANG','2024-05-21','2025-05-21','12','6.00','260000000','VND','0','0','0',NULL,'0');--74
INSERT INTO TIENGUI_TIETKIEM VALUES ('CIF0001292','CSAV00012923','TK-THUONG.TT','2024-05-24','2025-05-24','12','5.88','250000000','VND','0','0','0',NULL,'0');--75
INSERT INTO TIENGUI_TIETKIEM VALUES ('CIF00169605','CSAV001696053','TK-TICHLUY','2024-05-28','2025-05-28','12','5.85','150000000','VND','0','0','1',NULL,'0');--76
INSERT INTO TIENGUI_TIETKIEM VALUES ('CIF0016367','CSAV00163674','TK-THUONG.TT','2024-06-01','2025-06-01','12','5.89','546700000','VND','0','0','0',NULL,'0');--77
INSERT INTO TIENGUI_TIETKIEM VALUES ('CIF00169609','CSAV001696093','TK-THUONG.TS','2024-06-01','2025-06-01','12','5.86','240000000','VND','0','0','0',NULL,'0');--78
INSERT INTO TIENGUI_TIETKIEM VALUES ('CIF00169616','CSAV001696163','TK-ONLINE.TT','2024-06-07','2025-06-07','12','5.86','3600000000','VND','0','0','0',NULL,'0');--79
INSERT INTO TIENGUI_TIETKIEM VALUES ('CIF00169608','CSAV001696084','TK-THUONG.TT','2024-06-10','2025-06-10','12','5.86','140000000','VND','0','0','0',NULL,'0');--80
INSERT INTO TIENGUI_TIETKIEM VALUES ('CIF00169615','CSAV001696152','TK-MANGNON','2024-06-10','2025-06-10','12','5.86','450000000','VND','0','0','0',NULL,'0');--81
INSERT INTO TIENGUI_TIETKIEM VALUES ('CIF00169607','CSAV001696072','TK-THUONG.TS','2024-06-20','2025-06-20','12','5.90','250000000','VND','0','0','1',NULL,'0');--82
INSERT INTO TIENGUI_TIETKIEM VALUES ('CIF00169606','CSAV001696061','TK-THUONG.TT','2024-07-01','2025-07-01','12','5.88','150000000','VND','0','0','1',NULL,'0');--83
INSERT INTO TIENGUI_TIETKIEM VALUES ('CIF00169607','CSAV001696073','TK-THUONG.TT','2024-07-01','2025-01-01','6','4.90','100000000','VND','0','0','1',NULL,'0');--84
INSERT INTO TIENGUI_TIETKIEM VALUES ('CIF9080921','CSAV9080921','TK-THUONG.TS','2024-08-16','2025-08-16','12','6.00','4200000000','VND','0','0','0',NULL,'0');--85
INSERT INTO TIENGUI_TIETKIEM VALUES ('CIF9080922','CSAV9080922','TK-THUONG.TT','2024-08-16','2026-08-16','24','6.01','1500000000','VND','0','0','0',NULL,'0');--86
INSERT INTO TIENGUI_TIETKIEM VALUES ('CIF9080923','CSAV9080923','TK-ONLINE.TT','2024-08-16','2024-11-16','3','4.32','500000000','VND','0','0','1',NULL,'0');--87
INSERT INTO TIENGUI_TIETKIEM VALUES ('CIF9080924','CSAV9080924','TK-TICHLUY','2024-08-19','2026-08-19','24','6.02','1200000000','VND','0','0','0',NULL,'0');--88
INSERT INTO TIENGUI_TIETKIEM VALUES ('CIF9080925','CSAV9080925','TK-THUONG.TS','2024-08-20','2024-11-20','3','4.32','50420000','VND','0','0','1',NULL,'0');--89
INSERT INTO TIENGUI_TIETKIEM VALUES ('CIF9080926','CSAV9080926','TK-THUONG.TS','2024-08-21','2025-02-21','6','4.85','650000000','VND','0','0','0',NULL,'0');--90
INSERT INTO TIENGUI_TIETKIEM VALUES ('CIF9080927','CSAV9080927','TK-THUONG.TS','2024-08-22','2025-02-22','6','4.85','125000000','VND','0','0','0',NULL,'0');--91
INSERT INTO TIENGUI_TIETKIEM VALUES ('CIF9080931','CSAV9080931','TK-THUONG.TT','2024-08-23','2025-02-23','6','4.85','150000000','VND','0','0','0',NULL,'0');--92
INSERT INTO TIENGUI_TIETKIEM VALUES ('CIF9080932','CSAV9080932','TK-THUONG.TS','2024-08-23','2025-08-23','12','6.00','165000000','VND','0','0','0',NULL,'0');--93
INSERT INTO TIENGUI_TIETKIEM VALUES ('CIF9080933','CSAV9080933','TK-ONLINE.TS','2024-08-23','2025-08-23','12','6.00','260000000','VND','0','0','0',NULL,'0');--94
INSERT INTO TIENGUI_TIETKIEM VALUES ('CIF9080934','CSAV9080934','TK-TICHLUY','2024-08-26','2025-08-26','12','5.88','250000000','VND','0','0','0',NULL,'0');--95
INSERT INTO TIENGUI_TIETKIEM VALUES ('CIF9080935','CSAV9080935','TK-ONLINE.TT','2024-08-27','2025-08-27','12','5.85','150000000','VND','0','0','0',NULL,'0');--96
INSERT INTO TIENGUI_TIETKIEM VALUES ('CIF9080936','CSAV9080936','TK-ONGVANG','2024-08-28','2025-08-28','12','5.89','546700000','VND','0','0','0',NULL,'0');--97
INSERT INTO TIENGUI_TIETKIEM VALUES ('CIF9080937','CSAV9080937','TK-THUONG.TS','2024-08-29','2025-08-29','12','5.86','240000000','VND','0','0','0',NULL,'0');--98
INSERT INTO TIENGUI_TIETKIEM VALUES ('CIF9080967','CSAV9080967','TK-TICHLUY','2024-09-02','2025-09-02','12','5.86','1500000000','VND','0','0','0',NULL,'0');--99
INSERT INTO TIENGUI_TIETKIEM VALUES ('CIF9080968','CSAV9080968','TK-THUONG.TS','2024-09-03','2025-09-03','12','5.86','500000000','VND','0','0','0',NULL,'0');--100
INSERT INTO TIENGUI_TIETKIEM VALUES ('CIF9080969','CSAV9080969','TK-ONLINE.TT','2024-09-04','2024-12-04','3','4.32','1200000000','VND','0','0','1','2024-12-30','1');--101
INSERT INTO TIENGUI_TIETKIEM VALUES ('CIF9080970','CSAV9080970','TK-THUONG.TS','2024-09-05','2024-12-05','3','4.32','50420000','VND','0','0','1',NULL,'0');--102
INSERT INTO TIENGUI_TIETKIEM VALUES ('CIF9080971','CSAV9080971','TK-THUONG.TS','2024-09-06','2024-12-06','3','4.32','650000000','VND','0','0','1',NULL,'0');--103
INSERT INTO TIENGUI_TIETKIEM VALUES ('CIF9080938','CSAV9080938','TK-THUONG.TT','2024-09-17','2025-03-17','6','4.85','3600000000','VND','0','0','0',NULL,'0');--104
INSERT INTO TIENGUI_TIETKIEM VALUES ('CIF9080939','CSAV9080939','TK-TICHLUY','2024-09-18','2025-09-18','12','5.86','140000000','VND','0','0','0',NULL,'0');--105
INSERT INTO TIENGUI_TIETKIEM VALUES ('CIF9080940','CSAV9080940','TK-ONLINE.TT','2024-09-19','2025-09-19','12','5.86','450000000','VND','0','0','0',NULL,'0');--106
INSERT INTO TIENGUI_TIETKIEM VALUES ('CIF9080944','CSAV9080944','TK-ONLINE.TS','2024-09-20','2025-09-20','12','5.90','250000000','VND','0','0','0',NULL,'0');--107
INSERT INTO TIENGUI_TIETKIEM VALUES ('CIF9080951','CSAV9080951','TK-MANGNON','2024-09-24','2025-09-24','12','5.88','150000000','VND','0','0','0',NULL,'0');--108
INSERT INTO TIENGUI_TIETKIEM VALUES ('CIF9080956','CSAV9080956','TK-ONLINE.TT','2024-09-24','2025-03-24','6','4.85','100000000','VND','0','0','0',NULL,'0');--109
INSERT INTO TIENGUI_TIETKIEM VALUES ('CIF9080957','CSAV9080957','TK-THUONG.TS','2024-09-24','2025-03-24','6','4.85','600000000','VND','0','0','0',NULL,'0');--110
INSERT INTO TIENGUI_TIETKIEM VALUES ('CIF9080958','CSAV9080958','TK-THUONG.TS','2024-09-24','2025-09-24','12','5.90','65000000','VND','0','0','0',NULL,'0');--111
INSERT INTO TIENGUI_TIETKIEM VALUES ('CIF9080959','CSAV9080959','TK-MANGNON','2024-09-25','2025-09-25','12','5.91','200000000','VND','0','0','0',NULL,'0');--112
INSERT INTO TIENGUI_TIETKIEM VALUES ('CIF9080960','CSAV9080960','TK-ONLINE.TT','2024-09-26','2025-09-26','12','5.92','1250000000','VND','0','0','0',NULL,'0');--113
INSERT INTO TIENGUI_TIETKIEM VALUES ('CIF9080962','CSAV9080962','TK-TICHLUY','2024-09-27','2025-09-27','12','5.93','4500000000','VND','0','0','0',NULL,'0');--114
INSERT INTO TIENGUI_TIETKIEM VALUES ('CIF9080963','CSAV9080963','TK-ONLINE.TT','2024-09-27','2024-12-27','3','4.32','154000000','VND','0','0','1',NULL,'0');--115
INSERT INTO TIENGUI_TIETKIEM VALUES ('CIF9080964','CSAV9080964','TK-THUONG.TT','2024-09-27','2024-12-27','3','4.32','700000000','VND','0','0','0','2024-12-27','1');--116
INSERT INTO TIENGUI_TIETKIEM VALUES ('CIF9080965','CSAV9080965','TK-THUONG.TS','2024-09-30','2025-09-30','12','5.96','1000000000','VND','0','0','0',NULL,'0');--117
INSERT INTO TIENGUI_TIETKIEM VALUES ('CIF9080966','CSAV9080966','TK-THUONG.TS','2024-09-30','2025-09-30','12','5.97','4200000000','VND','0','0','0',NULL,'0');--118
INSERT INTO TIENGUI_TIETKIEM VALUES ('CIF9080972','CSAV9080972','TK-ONLINE.TT','2024-09-30','2024-12-30','3','4.32','125000000','VND','0','0','0','2024-12-30','1');--119
INSERT INTO TIENGUI_TIETKIEM VALUES ('CIF9080973','CSAV9080973','TK-THUONG.TS','2024-10-01','2025-10-01','12','5.99','150000000','VND','0','0','0',NULL,'0');--120
INSERT INTO TIENGUI_TIETKIEM VALUES ('CIF9080974','CSAV9080974','TK-ONGVANG','2024-10-02','2025-10-02','12','5.85','165000000','VND','0','0','0',NULL,'0');--121
INSERT INTO TIENGUI_TIETKIEM VALUES ('CIF9080976','CSAV9080976','TK-THUONG.TS','2024-10-03','2025-10-03','12','5.85','260000000','VND','0','0','0',NULL,'0');--122
INSERT INTO TIENGUI_TIETKIEM VALUES ('CIF9080977','CSAV9080977','TK-MANGNON','2024-10-04','2025-01-04','3','4.32','250000000','VND','0','0','0',NULL,'0');--123
INSERT INTO TIENGUI_TIETKIEM VALUES ('CIF9080978','CSAV9080978','TK-THUONG.TT','2024-10-04','2025-01-04','3','4.32','150000000','VND','0','0','0',NULL,'0');--124
INSERT INTO TIENGUI_TIETKIEM VALUES ('CIF9080979','CSAV9080979','TK-THUONG.TT','2024-10-04','2025-01-04','3','4.32','546700000','VND','0','0','0',NULL,'0');--125
INSERT INTO TIENGUI_TIETKIEM VALUES ('CIF9080993','CSAV9080993','TK-ONLINE.TS','2024-10-04','2025-10-04','12','5.85','150000000','VND','0','0','0',NULL,'0');--126
INSERT INTO TIENGUI_TIETKIEM VALUES ('CIF9080984','CSAV9080984','TK-THUONG.TT','2024-10-07','2025-10-07','12','5.85','240000000','VND','0','0','0',NULL,'0');--127
INSERT INTO TIENGUI_TIETKIEM VALUES ('CIF9080985','CSAV9080985','TK-THUONG.TS','2024-10-08','2025-10-08','12','5.85','3600000000','VND','0','0','0',NULL,'0');--128
INSERT INTO TIENGUI_TIETKIEM VALUES ('CIF9080987','CSAV9080987','TK-THUONG.TS','2024-10-09','2025-10-09','12','5.85','140000000','VND','0','0','0',NULL,'0');--129
INSERT INTO TIENGUI_TIETKIEM VALUES ('CIF9080988','CSAV9080988','TK-THUONG.TS','2024-10-10','2025-10-10','12','5.85','450000000','VND','0','0','0',NULL,'0');--130
INSERT INTO TIENGUI_TIETKIEM VALUES ('CIF9080992','CSAV9080992','TK-ONLINE.TS','2024-10-11','2025-01-11','3','4.32','250000000','VND','0','0','0',NULL,'0');--131
INSERT INTO TIENGUI_TIETKIEM VALUES ('CIF9080994','CSAV9080994','TK-ONLINE.TT','2024-10-14','2025-10-14','12','5.85','100000000','VND','0','0','0',NULL,'0');--132
INSERT INTO TIENGUI_TIETKIEM VALUES ('CIF9080995','CSAV9080995','TK-THUONG.TS','2024-10-14','2025-10-14','12','5.85','600000000','VND','0','0','0',NULL,'0');--133
INSERT INTO TIENGUI_TIETKIEM VALUES ('CIF9081000','CSAV9081000','TK-ONLINE.TT','2024-10-14','2025-10-14','12','5.85','154000000','VND','0','0','0',NULL,'0');--134
INSERT INTO TIENGUI_TIETKIEM VALUES ('CIF9081001','CSAV9081001','TK-THUONG.TS','2024-10-14','2025-10-14','12','5.85','700000000','VND','0','0','0',NULL,'0');--135
INSERT INTO TIENGUI_TIETKIEM VALUES ('CIF9080996','CSAV9080996','TK-THUONG.TS','2024-10-15','2025-01-15','3','4.32','65000000','VND','0','0','0',NULL,'0');--136
INSERT INTO TIENGUI_TIETKIEM VALUES ('CIF9080997','CSAV9080997','TK-THUONG.TT','2024-10-16','2025-10-16','12','5.85','200000000','VND','0','0','0',NULL,'0');--137
INSERT INTO TIENGUI_TIETKIEM VALUES ('CIF9080998','CSAV9080998','TK-THUONG.TS','2024-10-17','2025-10-17','12','5.85','1250000000','VND','0','0','0',NULL,'0');--138
INSERT INTO TIENGUI_TIETKIEM VALUES ('CIF9080999','CSAV9080999','TK-THUONG.TS','2024-10-18','2025-10-18','12','5.85','4500000000','VND','0','0','0',NULL,'0');--139
INSERT INTO TIENGUI_TIETKIEM VALUES ('CIF9081003','CSAV9081003','TK-ONGVANG','2024-10-21','2025-10-21','12','5.85','1000000000','VND','0','0','0',NULL,'0');--140
INSERT INTO TIENGUI_TIETKIEM VALUES ('CIF9081005','CSAV9081005','TK-THUONG.TT','2024-10-22','2025-10-22','12','5.85','4200000000','VND','0','0','1','2024-12-30','1');--141
INSERT INTO TIENGUI_TIETKIEM VALUES ('CIF9081008','CSAV9081008','TK-THUONG.TS','2024-10-23','2025-10-23','12','5.85','1500000000','VND','0','0','1',NULL,'0');--142
INSERT INTO TIENGUI_TIETKIEM VALUES ('CIF9081012','CSAV9081012','TK-THUONG.TT','2024-10-24','2025-10-24','12','5.85','500000000','VND','0','0','1',NULL,'0');--143
INSERT INTO TIENGUI_TIETKIEM VALUES ('CIF9081013','CSAV9081013','TK-ONLINE.TT','2024-10-25','2025-10-25','12','5.85','1200000000','VND','0','0','1',NULL,'0');--144
INSERT INTO TIENGUI_TIETKIEM VALUES ('CIF9081017','CSAV9081017','TK-THUONG.TS','2024-10-25','2025-10-25','12','5.85','50420000','VND','0','0','1',NULL,'0');--145
INSERT INTO TIENGUI_TIETKIEM VALUES ('CIF9081018','CSAV9081018','TK-ONGVANG','2024-10-25','2025-10-25','12','5.85','650000000','VND','0','0','1',NULL,'0');--146
INSERT INTO TIENGUI_TIETKIEM VALUES ('CIF9081019','CSAV9081019','TK-THUONG.TS','2024-10-28','2025-10-28','12','5.85','125000000','VND','0','0','1',NULL,'0');--147
INSERT INTO TIENGUI_TIETKIEM VALUES ('CIF9081020','CSAV9081020','TK-THUONG.TS','2024-10-29','2025-10-29','12','5.85','150000000','VND','0','0','1',NULL,'0');--148
INSERT INTO TIENGUI_TIETKIEM VALUES ('CIF9081021','CSAV9081021','TK-THUONG.TT','2024-10-30','2025-10-30','12','5.85','165000000','VND','0','0','1',NULL,'0');--149
INSERT INTO TIENGUI_TIETKIEM VALUES ('CIF9081024','CSAV9081024','TK-THUONG.TT','2024-10-31','2025-10-31','12','5.65','260000000','VND','0','0','1',NULL,'0');--150
INSERT INTO TIENGUI_TIETKIEM VALUES ('CIF9081027','CSAV9081027','TK-ONLINE.TS','2024-11-01','2025-11-01','12','5.65','250000000','VND','0','0','1',NULL,'0');--151
INSERT INTO TIENGUI_TIETKIEM VALUES ('CIF9081030','CSAV9081030','TK-THUONG.TT','2024-11-01','2025-11-01','12','5.65','150000000','VND','0','0','1',NULL,'0');--152
INSERT INTO TIENGUI_TIETKIEM VALUES ('CIF9081032','CSAV9081032','TK-THUONG.TS','2024-11-01','2025-11-01','12','5.65','546700000','VND','0','0','1',NULL,'0');--153
INSERT INTO TIENGUI_TIETKIEM VALUES ('CIF9081035','CSAV9081035','TK-THUONG.TS','2024-11-04','2025-05-04','6','4.85','240000000','VND','0','0','1',NULL,'0');--154
INSERT INTO TIENGUI_TIETKIEM VALUES ('CIF9081037','CSAV9081037','TK-THUONG.TS','2024-11-05','2025-05-05','6','4.85','3600000000','VND','0','0','1',NULL,'0');--155
INSERT INTO TIENGUI_TIETKIEM VALUES ('CIF9081038','CSAV9081038','TK-MANGNON','2024-11-06','2025-05-06','6','4.85','140000000','VND','0','0','1',NULL,'0');--156
INSERT INTO TIENGUI_TIETKIEM VALUES ('CIF9081040','CSAV9081040','TK-THUONG.TS','2024-11-07','2025-05-07','6','4.85','450000000','VND','0','0','1',NULL,'0');--157
INSERT INTO TIENGUI_TIETKIEM VALUES ('CIF9081042','CSAV9081042','TK-THUONG.TS','2024-11-08','2025-11-08','12','5.65','250000000','VND','0','0','1',NULL,'0');--158
INSERT INTO TIENGUI_TIETKIEM VALUES ('CIF9081043','CSAV9081043','TK-ONGVANG','2024-11-08','2025-11-08','12','5.65','150000000','VND','0','0','1',NULL,'0');--159
INSERT INTO TIENGUI_TIETKIEM VALUES ('CIF9081044','CSAV9081044','TK-MANGNON','2024-11-08','2025-11-08','12','5.65','100000000','VND','0','0','1',NULL,'0');--160
INSERT INTO TIENGUI_TIETKIEM VALUES ('CIF9081045','CSAV9081045','TK-THUONG.TT','2024-11-11','2025-11-11','12','5.65','600000000','VND','0','0','1',NULL,'0');--161
INSERT INTO TIENGUI_TIETKIEM VALUES ('CIF9081051','CSAV9081051','TK-ONLINE.TS','2024-11-12','2025-11-12','12','5.65','65000000','VND','0','0','1',NULL,'0');--162
INSERT INTO TIENGUI_TIETKIEM VALUES ('CIF9081052','CSAV9081052','TK-THUONG.TS','2024-11-13','2025-11-13','12','5.65','200000000','VND','0','0','1',NULL,'0');--163
INSERT INTO TIENGUI_TIETKIEM VALUES ('CIF9081053','CSAV9081053','TK-THUONG.TS','2024-11-14','2025-11-14','12','5.65','1250000000','VND','0','0','1',NULL,'0');--164
INSERT INTO TIENGUI_TIETKIEM VALUES ('CIF9081056','CSAV9081056','TK-THUONG.TS','2024-11-14','2025-11-14','12','5.65','154000000','VND','0','0','1',NULL,'0');--165
INSERT INTO TIENGUI_TIETKIEM VALUES ('CIF9081057','CSAV9081057','TK-THUONG.TS','2024-11-14','2025-11-14','12','5.65','700000000','VND','0','0','0',NULL,'0');--166
INSERT INTO TIENGUI_TIETKIEM VALUES ('CIF9081054','CSAV9081054','TK-THUONG.TS','2024-11-15','2025-11-15','12','5.65','4500000000','VND','0','0','0',NULL,'0');--167
INSERT INTO TIENGUI_TIETKIEM VALUES ('CIF9081061','CSAV9081061','TK-THUONG.TS','2024-11-18','2025-11-18','12','5.65','1000000000','VND','0','0','0',NULL,'0');--168
INSERT INTO TIENGUI_TIETKIEM VALUES ('CIF9081064','CSAV9081064','TK-THUONG.TT','2024-11-19','2025-11-19','12','5.85','4200000000','VND','0','0','0',NULL,'0');--169
INSERT INTO TIENGUI_TIETKIEM VALUES ('CIF9081079','CSAV9081079','TK-THUONG.TT','2024-11-20','2025-11-20','12','5.85','1500000000','VND','0','0','0',NULL,'0');--170
INSERT INTO TIENGUI_TIETKIEM VALUES ('CIF9081082','CSAV9081082','TK-THUONG.TT','2024-11-21','2025-11-21','12','5.85','500000000','VND','0','0','0',NULL,'0');--171
INSERT INTO TIENGUI_TIETKIEM VALUES ('CIF9081083','CSAV9081083','TK-THUONG.TS','2024-11-22','2025-11-22','12','5.85','1200000000','VND','0','0','0',NULL,'0');--172
INSERT INTO TIENGUI_TIETKIEM VALUES ('CIF9081084','CSAV9081084','TK-THUONG.TS','2024-11-22','2025-11-22','12','5.85','50420000','VND','0','0','0',NULL,'0');--173
INSERT INTO TIENGUI_TIETKIEM VALUES ('CIF9081085','CSAV9081085','TK-ONLINE.TS','2024-11-22','2025-11-22','12','5.75','650000000','VND','0','0','0',NULL,'0');--174
INSERT INTO TIENGUI_TIETKIEM VALUES ('CIF9081087','CSAV9081087','TK-ONLINE.TS','2024-11-25','2025-11-25','12','5.85','125000000','VND','0','0','0',NULL,'0');--175
INSERT INTO TIENGUI_TIETKIEM VALUES ('CIF9081091','CSAV9081091','TK-ONGVANG','2024-11-26','2025-11-26','12','5.85','150000000','VND','0','0','0',NULL,'0');--176
INSERT INTO TIENGUI_TIETKIEM VALUES ('CIF9081095','CSAV9081095','TK-THUONG.TS','2024-11-27','2025-11-27','12','5.85','165000000','VND','0','0','0',NULL,'0');--177
INSERT INTO TIENGUI_TIETKIEM VALUES ('CIF9081102','CSAV9081102','TK-MANGNON','2024-11-28','2025-11-28','12','5.85','260000000','VND','0','0','0',NULL,'0');--178
INSERT INTO TIENGUI_TIETKIEM VALUES ('CIF9081104','CSAV9081104','TK-THUONG.TS','2024-11-29','2025-05-29','6','4.85','250000000','VND','0','0','0',NULL,'0');--179
INSERT INTO TIENGUI_TIETKIEM VALUES ('CIF9081105','CSAV9081105','TK-THUONG.TS','2024-11-29','2025-05-29','6','4.85','150000000','VND','0','0','0',NULL,'0');--180
INSERT INTO TIENGUI_TIETKIEM VALUES ('CIF9081106','CSAV9081106','TK-THUONG.TS','2024-11-29','2025-05-29','6','4.85','546700000','VND','0','0','0',NULL,'0');--181
INSERT INTO TIENGUI_TIETKIEM VALUES ('CIF9081108','CSAV9081108','TK-THUONG.TS','2024-12-02','2025-06-02','6','4.85','240000000','VND','0','0','0',NULL,'0');--182
INSERT INTO TIENGUI_TIETKIEM VALUES ('CIF9081109','CSAV9081109','TK-THUONG.TS','2024-12-03','2025-06-03','6','4.85','3600000000','VND','0','0','0',NULL,'0');--183
INSERT INTO TIENGUI_TIETKIEM VALUES ('CIF9081110','CSAV9081110','TK-THUONG.TS','2024-12-04','2025-06-04','6','4.85','140000000','VND','0','0','0',NULL,'0');--184
INSERT INTO TIENGUI_TIETKIEM VALUES ('CIF9081111','CSAV9081111','TK-THUONG.TT','2024-12-05','2025-06-05','6','4.85','450000000','VND','0','0','0',NULL,'0');--185
INSERT INTO TIENGUI_TIETKIEM VALUES ('CIF9081112','CSAV9081112','TK-MANGNON','2024-12-05','2025-12-05','12','5.85','250000000','VND','0','0','0',NULL,'0');--186
INSERT INTO TIENGUI_TIETKIEM VALUES ('CIF9081113','CSAV9081113','TK-ONGVANG','2024-12-05','2025-12-05','12','5.85','150000000','VND','0','0','0',NULL,'0');--187
INSERT INTO TIENGUI_TIETKIEM VALUES ('CIF9081114','CSAV9081114','TK-THUONG.TS','2024-12-05','2025-12-05','12','5.86','100000000','VND','0','0','0',NULL,'0');--188
INSERT INTO TIENGUI_TIETKIEM VALUES ('CIF9081115','CSAV9081115','TK-THUONG.TS','2024-12-09','2025-12-09','12','5.85','2000000000','VND','0','0','0',NULL,'0');--189
INSERT INTO TIENGUI_TIETKIEM VALUES ('CIF9081120','CSAV9081120','TK-THUONG.TS','2024-12-10','2025-12-10','12','5.85','10000000000','VND','0','0','0',NULL,'0');--190
